{
  "assetsByChunkName": {
    "vendors~app-account~app-confirmation~app-order": "chunk.cc8a4c86a290822b163a.js",
    "vendors~app-account~app-checkout": "chunk.022cc5ac822089a6c562.js",
    "vendors~app-cart~app-checkout": "chunk.40f95c6d69d78db5eae8.js",
    "admin": [
      "admin.8bf84172adb5a7f2b945.js",
      "admin.8bf84172adb5a7f2b945.js.map"
    ],
    "app-account": "chunk.6bac5e6f87a99d140f46.js",
    "app-confirmation": "chunk.2d6e320cebfcdef2968d.js",
    "app-order": "chunk.dc3156f5519fb7d5a602.js",
    "checkout": [
      "checkout.89c436cf68ac630200db.js",
      "checkout.89c436cf68ac630200db.js.map"
    ],
    "storefront": [
      "storefront.6517b1d6c6f159743845.css",
      "storefront.b3afc037be06cdc348cc.js",
      "storefront.6517b1d6c6f159743845.css.map",
      "storefront.b3afc037be06cdc348cc.js.map"
    ],
    "vendors~app-cart": "chunk.ea8491aae2a2e75eb117.js",
    "vendors~app-checkout": "chunk.705de3a61abb518bde64.js"
  }
}