{
  "marketing_stripe": {
    "text": "Frete Grátis para todo o RS",
    "link": "/"
  },
  "contacts_stripe": {
    "pages": [
      {
        "title": "",
        "link": ""
      },
      {
        "title": "",
        "link": ""
      }
    ],
    "phone_wpp": true,
    "socials": true
  },
  "categories_list": {
    "featured": [
      "/dispositivos?Aparelhos",
      "/colecoes?Coleções",
      "/u_10011?Películas",
      "/acessorios?Acessórios",
      "/popsockets?PopSockets"
    ],
    "random": 0,
    "full_width": false
  },
  "search_input": true
}